feature,slice,precision,recall,fbeta,samples
Overall,Overall,0.8458484377697221,0.6249202907792374,0.7187912571512396,32561
